City_ID,City,Country,Date,Lat,Lng,Max Temp,Humidity,Cloudiness,Wind Speed
0,Geraldton,AU,2021-08-07 22:17:29,-28.7667,114.6,63.01,94,90,8.05
1,Vaini,TO,2021-08-07 22:17:29,-21.2,-175.2,71.76,73,75,5.75
2,Axim,GH,2021-08-07 22:17:29,4.8699,-2.2405,76.15,88,19,10.49
3,Abha,SA,2021-08-07 22:15:38,18.2164,42.5053,64.22,77,0,0.0
4,Upernavik,GL,2021-08-07 22:17:30,72.7868,-56.1549,40.84,95,100,9.42
5,Hobart,AU,2021-08-07 22:17:30,-42.8794,147.3294,36.27,88,0,1.99
6,Bethel,US,2021-08-07 22:17:30,41.3712,-73.414,82.08,72,100,6.58
7,Santa Maria Del Oro,MX,2021-08-07 22:17:31,25.9333,-105.3667,82.24,40,60,9.55
8,Lebu,CL,2021-08-07 22:17:31,-37.6167,-73.65,48.76,75,27,21.7
9,Khatanga,RU,2021-08-07 22:17:31,71.9667,102.5,51.87,69,37,7.0
10,Tuktoyaktuk,CA,2021-08-07 22:17:32,69.4541,-133.0374,44.6,81,90,16.11
11,Puerto Ayora,EC,2021-08-07 22:17:32,-0.7393,-90.3518,76.96,81,70,8.99
12,Popondetta,PG,2021-08-07 22:17:32,-8.7537,148.2534,78.73,73,88,1.25
13,Rikitea,PF,2021-08-07 22:17:33,-23.1203,-134.9692,74.07,79,12,13.73
14,Port Hedland,AU,2021-08-07 22:15:16,-20.3167,118.5667,62.65,27,17,6.91
15,San Patricio,US,2021-08-07 22:17:33,28.017,-97.5169,94.15,51,0,17.54
16,Kapaa,US,2021-08-07 22:17:34,22.0752,-159.319,86.32,67,40,5.99
17,Butaritari,KI,2021-08-07 22:17:34,3.0707,172.7902,82.42,67,11,14.65
18,Hasaki,JP,2021-08-07 22:17:34,35.7333,140.8333,79.2,94,100,17.98
19,Airai,TL,2021-08-07 22:17:35,-8.9266,125.4092,52.21,66,21,2.77
20,Pangai,TO,2021-08-07 22:17:35,-19.8,-174.35,73.02,66,38,12.71
21,Rosetta,EG,2021-08-07 22:17:35,31.4044,30.4164,81.19,73,0,15.43
22,Arraial Do Cabo,BR,2021-08-07 22:17:35,-22.9661,-42.0278,69.66,68,0,10.36
23,Ushuaia,AR,2021-08-07 22:17:36,-54.8,-68.3,29.86,93,90,35.68
24,Sirjan,IR,2021-08-07 22:17:36,29.452,55.6814,80.62,28,86,3.29
25,Lorengau,PG,2021-08-07 22:17:36,-2.0226,147.2712,81.61,76,63,9.71
26,Ponta Do Sol,PT,2021-08-07 22:17:37,32.6667,-17.1,74.01,86,80,6.49
27,Souillac,MU,2021-08-07 22:17:37,-20.5167,57.5167,68.38,88,75,3.44
28,Saint Anthony,US,2021-08-07 22:17:38,45.0205,-93.218,73.83,87,90,1.01
29,Kavaratti,IN,2021-08-07 22:17:38,10.5669,72.642,81.0,79,100,20.13
30,Zhangye,CN,2021-08-07 22:17:38,38.9342,100.4517,66.29,46,50,5.79
31,Grand Forks,US,2021-08-07 22:17:39,47.9417,-97.4337,87.73,42,75,11.5
32,Awbari,LY,2021-08-07 22:17:39,26.5921,12.7805,89.44,10,0,4.0
33,Maldonado,UY,2021-08-07 22:17:39,-34.6667,-54.9167,64.22,87,7,4.79
34,Ribeira Grande,PT,2021-08-07 22:17:40,38.5167,-28.7,69.6,68,19,12.5
35,Urumqi,CN,2021-08-07 22:17:40,43.801,87.6005,72.55,38,0,6.71
36,Sicamous,CA,2021-08-07 22:17:40,50.8331,-118.9856,75.09,48,100,3.15
37,Mataura,NZ,2021-08-07 22:17:41,-46.1927,168.8643,37.47,94,100,1.21
38,Uruzgan,AF,2021-08-07 22:17:41,32.8333,66.0,72.09,17,0,2.15
39,Cap Malheureux,MU,2021-08-07 22:17:41,-19.9842,57.6142,68.49,78,24,5.01
40,Praia,CV,2021-08-07 22:15:11,14.9215,-23.5087,79.34,89,75,5.75
41,Belaya Gora,RU,2021-08-07 22:17:42,68.5333,146.4167,59.59,58,25,5.77
42,Georgetown,MY,2021-08-07 22:17:42,5.4112,100.3354,81.9,87,20,2.3
43,Hithadhoo,MV,2021-08-07 22:17:43,-0.6,73.0833,81.91,74,100,8.25
44,Lata,PT,2021-08-07 22:17:43,40.1629,-8.3327,61.81,97,22,3.56
45,Ostrovnoy,RU,2021-08-07 22:17:43,68.0531,39.5131,54.45,82,8,9.55
46,Fare,PF,2021-08-07 22:17:44,-16.7,-151.0167,77.99,75,20,6.87
47,Busselton,AU,2021-08-07 22:17:44,-33.65,115.3333,57.09,91,96,3.83
48,Cabo San Lucas,MX,2021-08-07 22:17:44,22.8909,-109.9124,92.61,62,40,19.57
49,Lagoa,PT,2021-08-07 22:17:44,39.05,-27.9833,68.59,67,29,10.98
50,Gumdag,TM,2021-08-07 22:17:45,39.2061,54.5906,93.16,14,0,13.4
51,Tonj,SS,2021-08-07 22:17:45,7.2737,28.6822,70.52,95,100,4.83
52,Atuona,PF,2021-08-07 22:17:45,-9.8,-139.0333,77.2,81,71,14.05
53,Dongzhen,CN,2021-08-07 22:17:46,22.3797,110.9389,78.17,89,97,1.59
54,Mar Del Plata,AR,2021-08-07 22:17:46,-38.0023,-57.5575,51.82,87,20,10.36
55,Krasnyy Chikoy,RU,2021-08-07 22:17:46,50.3643,108.7512,53.55,98,34,3.02
56,Provideniya,RU,2021-08-07 22:17:47,64.3833,-173.3,44.71,81,100,6.2
57,Lavrentiya,RU,2021-08-07 22:17:47,65.5833,-171.0,46.65,74,100,19.3
58,Bathsheba,BB,2021-08-07 22:17:47,13.2167,-59.5167,83.01,69,40,12.66
59,Cape Town,ZA,2021-08-07 22:17:01,-33.9258,18.4232,50.41,100,90,3.44
60,Saint-Francois,FR,2021-08-07 22:17:48,46.4154,3.9054,60.24,77,0,3.44
61,Grindavik,IS,2021-08-07 22:17:48,63.8424,-22.4338,55.35,93,40,4.61
62,Paamiut,GL,2021-08-07 22:17:48,61.994,-49.6678,40.95,94,100,14.74
63,Aswan,EG,2021-08-07 22:17:49,24.0934,32.907,95.32,24,12,7.27
64,Prince Albert,CA,2021-08-07 22:17:49,53.2001,-105.7677,71.55,68,75,3.44
65,Saskylakh,RU,2021-08-07 22:17:49,71.9167,114.0833,51.89,74,100,6.42
66,Faanui,PF,2021-08-07 22:17:50,-16.4833,-151.75,78.22,72,27,6.89
67,Thompson,CA,2021-08-07 22:17:50,55.7435,-97.8558,78.96,47,40,11.5
68,Kaitangata,NZ,2021-08-07 22:17:50,-46.2817,169.8464,41.14,71,100,3.78
69,Barrow,US,2021-08-07 22:17:51,71.2906,-156.7887,39.22,73,75,9.22
70,Dikson,RU,2021-08-07 22:17:51,73.5069,80.5464,49.15,74,10,9.1
71,Port Elizabeth,ZA,2021-08-07 22:17:52,-33.918,25.5701,55.69,94,100,3.44
72,Mayo,US,2021-08-07 22:17:52,38.8876,-76.5119,75.56,91,90,4.0
73,Trelew,AR,2021-08-07 22:17:52,-43.249,-65.3051,52.3,33,2,20.62
74,Hilo,US,2021-08-07 22:17:53,19.7297,-155.09,82.13,67,75,10.36
75,Bluff,NZ,2021-08-07 22:17:53,-46.6,168.3333,37.8,77,100,3.09
76,Cherskiy,RU,2021-08-07 22:17:53,68.75,161.3,59.11,42,56,4.25
77,Husavik,IS,2021-08-07 22:17:54,66.0449,-17.3389,55.31,75,91,2.1
78,Nome,US,2021-08-07 22:17:54,64.5011,-165.4064,48.27,82,90,6.91
79,Glendora,US,2021-08-07 22:17:54,34.1361,-117.8653,108.54,35,1,4.0
80,Rocha,UY,2021-08-07 22:17:54,-34.4833,-54.3333,63.97,88,7,4.97
81,Ancud,CL,2021-08-07 22:17:55,-41.8697,-73.8203,47.43,77,53,7.76
82,Cehegin,ES,2021-08-07 22:17:55,38.0924,-1.7985,80.28,30,1,3.62
83,Rudsar,IR,2021-08-07 22:17:55,37.1376,50.288,82.63,63,45,0.65
84,Kenora,CA,2021-08-07 22:17:56,49.8167,-94.4337,74.37,64,20,11.5
85,Plouzane,FR,2021-08-07 22:17:56,48.3833,-4.6167,57.52,88,75,5.75
86,Takoradi,GH,2021-08-07 22:17:56,4.8845,-1.7554,75.74,88,38,10.27
87,Jamestown,US,2021-08-07 22:17:57,42.097,-79.2353,78.39,69,1,3.44
88,Nikolskoye,RU,2021-08-07 22:17:57,59.7035,30.7861,65.01,98,98,6.17
89,Hamilton,US,2021-08-07 22:16:24,39.1834,-84.5333,88.95,53,1,1.01
90,Yumen,CN,2021-08-07 22:17:58,40.2833,97.2,67.42,35,8,4.83
91,Tuatapere,NZ,2021-08-07 22:17:58,-46.1333,167.6833,37.81,95,100,1.79
92,Talnakh,RU,2021-08-07 22:17:58,69.4865,88.3972,55.42,61,31,2.28
93,Mercedes,AR,2021-08-07 22:17:59,-34.6515,-59.4307,73.02,62,5,4.27
94,Kushiro,JP,2021-08-07 22:17:59,42.975,144.3747,72.55,100,75,4.61
95,Albany,US,2021-08-07 22:13:56,42.6001,-73.9662,83.14,79,99,2.17
96,Punta Arenas,CL,2021-08-07 22:18:00,-53.15,-70.9167,35.71,80,0,26.46
97,Huarmey,PE,2021-08-07 22:18:00,-10.0681,-78.1522,66.79,75,5,13.49
98,Esperance,AU,2021-08-07 22:18:00,-33.8667,121.9,53.44,70,100,1.48
99,Avarua,CK,2021-08-07 22:18:01,-21.2078,-159.775,78.85,65,20,6.91
100,New Norfolk,AU,2021-08-07 22:18:01,-42.7826,147.0587,35.92,87,99,2.75
101,Yar-Sale,RU,2021-08-07 22:18:01,66.8333,70.8333,55.76,85,17,12.03
102,Chuy,UY,2021-08-07 22:18:02,-33.6971,-53.4616,62.89,83,7,6.08
103,Evensk,RU,2021-08-07 22:18:02,61.95,159.2333,60.98,58,4,13.4
104,Ilhabela,BR,2021-08-07 22:18:02,-23.7781,-45.3581,66.61,89,100,10.38
105,Mount Isa,AU,2021-08-07 22:18:03,-20.7333,139.5,53.37,40,0,1.14
106,Yellowknife,CA,2021-08-07 22:18:03,62.456,-114.3525,59.52,72,90,23.02
107,Beihai,CN,2021-08-07 22:18:03,21.4833,109.1,84.6,86,100,5.19
108,Guaranda,EC,2021-08-07 22:18:04,-1.6,-79.0,57.31,93,62,5.46
109,Sao Jose Da Coroa Grande,BR,2021-08-07 22:18:04,-8.8978,-35.1478,74.48,73,65,16.62
110,Kokopo,PG,2021-08-07 22:18:04,-4.352,152.2633,77.7,85,97,7.83
111,Kodiak,US,2021-08-07 22:18:05,57.79,-152.4072,54.91,76,90,11.5
112,Eureka,US,2021-08-07 22:18:05,40.8021,-124.1637,75.13,73,53,8.01
113,Namatanai,PG,2021-08-07 22:13:09,-3.6667,152.4333,79.95,79,55,6.26
114,Campbell River,CA,2021-08-07 22:17:31,50.0163,-125.2446,69.33,89,75,10.36
115,Gualaceo,EC,2021-08-07 22:18:05,-2.9,-78.7833,71.26,74,88,5.21
116,Pisco,PE,2021-08-07 22:18:06,-13.7,-76.2167,64.45,72,20,17.27
117,Aklavik,CA,2021-08-07 22:18:06,68.2191,-135.0107,51.8,66,75,9.22
118,Sur,OM,2021-08-07 22:18:07,22.5667,59.5289,89.64,53,94,11.65
119,Port Blair,IN,2021-08-07 22:18:07,11.6667,92.75,81.93,83,100,14.09
120,Mahebourg,MU,2021-08-07 22:18:07,-20.4081,57.7,68.29,88,75,3.44
121,Miles City,US,2021-08-07 22:14:09,46.4083,-105.8406,93.51,22,1,10.36
122,Hofn,IS,2021-08-07 22:18:08,64.2539,-15.2082,56.88,81,100,10.51
123,Bambous Virieux,MU,2021-08-07 22:18:08,-20.3428,57.7575,68.25,88,75,3.44
124,Hermanus,ZA,2021-08-07 22:18:08,-34.4187,19.2345,49.8,74,96,2.44
125,Vitim,RU,2021-08-07 22:18:09,59.4511,112.5578,56.14,98,100,2.66
126,Lompoc,US,2021-08-07 22:18:09,34.6391,-120.4579,82.56,67,1,13.8
127,Ahipara,NZ,2021-08-07 22:18:09,-35.1667,173.1667,57.2,83,99,13.09
128,Tautira,PF,2021-08-07 22:18:10,-17.7333,-149.15,84.22,76,62,9.06
129,Kumo,NG,2021-08-07 22:18:10,10.0447,11.2122,73.49,87,93,15.41
130,Caravelas,BR,2021-08-07 22:18:10,-17.7125,-39.2481,68.13,82,100,9.33
131,Saint George,US,2021-08-07 22:18:11,37.1041,-113.5841,102.63,10,1,1.99
132,Luzon,PH,2021-08-07 22:18:11,6.519,126.0941,80.62,78,100,7.92
133,Santa Luzia,BR,2021-08-07 22:18:11,-19.7697,-43.8514,64.74,59,0,11.5
134,La Ronge,CA,2021-08-07 22:18:12,55.1001,-105.2842,75.45,33,40,5.75
135,Bredasdorp,ZA,2021-08-07 22:18:12,-34.5322,20.0403,51.12,93,99,6.91
136,Severo-Kurilsk,RU,2021-08-07 22:18:12,50.6789,156.125,55.24,72,81,8.3
137,Punta Gorda,US,2021-08-07 22:18:13,26.9298,-82.0454,92.07,63,20,5.01
138,Nabire,ID,2021-08-07 22:18:13,-3.3667,135.4833,75.47,90,69,2.75
139,Ketchikan,US,2021-08-07 22:18:13,55.3422,-131.6461,64.87,68,40,13.8
140,Jardim,BR,2021-08-07 22:17:23,-21.4803,-56.1381,77.9,29,0,3.74
141,Nishihara,JP,2021-08-07 22:18:14,26.1842,127.7558,80.26,97,90,24.16
142,Qandala,SO,2021-08-07 22:18:14,11.472,49.8728,87.75,55,7,2.15
143,Cayhagan,PH,2021-08-07 22:18:14,9.6697,122.4256,79.99,84,70,3.24
144,Espinosa,BR,2021-08-07 22:18:15,-14.9261,-42.8192,70.02,34,87,9.91
145,Tiksi,RU,2021-08-07 22:18:15,71.6872,128.8694,48.38,75,39,4.5
146,Codrington,AU,2021-08-07 22:18:16,-38.2667,141.9667,42.78,89,7,6.46
147,Isangel,VU,2021-08-07 22:18:16,-19.55,169.2667,75.31,64,75,10.36
148,Sambava,MG,2021-08-07 22:18:16,-14.2667,50.1667,68.83,88,69,9.46
149,Oranjestad,AW,2021-08-07 22:18:17,12.524,-70.027,85.95,66,20,19.57
150,Tabory,RU,2021-08-07 22:18:17,58.5198,64.5495,55.29,99,100,8.41
151,Broome,US,2021-08-07 22:18:17,42.2506,-75.833,84.09,79,75,1.01
152,Pevek,RU,2021-08-07 22:18:18,69.7008,170.3133,42.13,73,30,6.31
153,Chumikan,RU,2021-08-07 22:18:18,54.7183,135.315,52.2,86,96,14.92
154,Umm Lajj,SA,2021-08-07 22:17:17,25.0213,37.2685,89.78,56,5,5.08
155,Mangrol,IN,2021-08-07 22:18:18,21.1167,70.1167,81.18,80,74,11.41
156,Acapulco,MX,2021-08-07 22:14:24,16.8634,-99.8901,85.82,74,75,10.36
157,Sitka,US,2021-08-07 22:18:19,57.0531,-135.33,62.49,82,90,10.36
158,Waipawa,NZ,2021-08-07 22:18:19,-41.4122,175.5153,47.03,76,100,11.92
159,Vestmannaeyjar,IS,2021-08-07 22:18:19,63.4427,-20.2734,54.93,91,100,7.31
160,Firovo,RU,2021-08-07 22:18:20,57.4814,33.7021,62.74,96,100,3.98
161,Narsaq,GL,2021-08-07 22:18:20,60.9167,-46.05,48.42,95,100,7.92
162,Saint-Philippe,RE,2021-08-07 22:18:20,-21.3585,55.7679,69.35,80,39,12.37
163,Qaanaaq,GL,2021-08-07 22:18:21,77.484,-69.3632,41.61,76,98,1.57
164,Takab,IR,2021-08-07 22:18:21,36.4009,47.1133,71.08,44,89,4.41
165,Swakopmund,NA,2021-08-07 22:18:21,-22.6833,14.5333,53.98,93,4,1.01
166,Erzin,TR,2021-08-07 22:18:22,36.9559,36.2,79.52,83,3,3.44
167,Salamiyah,SY,2021-08-07 22:18:22,35.0113,37.0532,76.71,80,0,11.68
168,Harper,LR,2021-08-07 22:18:22,4.375,-7.7169,76.75,80,86,10.02
169,Erenhot,CN,2021-08-07 22:18:23,43.6475,111.9767,76.71,33,100,17.54
170,Mastic Beach,US,2021-08-07 22:18:23,40.7668,-72.8521,82.44,76,1,1.01
171,Port Shepstone,ZA,2021-08-07 22:18:23,-30.7414,30.455,60.46,84,1,8.28
172,Ilulissat,GL,2021-08-07 22:18:24,69.2167,-51.1,46.42,57,20,3.44
173,Muros,ES,2021-08-07 22:18:24,42.7762,-9.0603,63.23,90,1,5.17
174,Carnarvon,AU,2021-08-07 22:18:24,-24.8667,113.6333,64.47,90,90,6.91
175,Prokopyevsk,RU,2021-08-07 22:18:25,53.9059,86.719,56.25,88,27,2.86
176,Romny,UA,2021-08-07 22:18:25,50.751,33.4747,62.98,69,98,10.69
177,Mianyang,CN,2021-08-07 22:18:25,31.4593,104.7542,73.74,90,100,6.11
178,Castro,BR,2021-08-07 22:18:26,-24.7911,-50.0119,56.21,77,58,4.61
179,Jiamusi,CN,2021-08-07 22:18:26,46.8333,130.35,61.03,95,100,9.93
180,Saldanha,ZA,2021-08-07 22:18:26,-33.0117,17.9442,46.45,74,100,6.76
181,Omboue,GA,2021-08-07 22:18:27,-1.5746,9.2618,74.43,84,100,8.43
182,Guerrero Negro,MX,2021-08-07 22:18:27,27.9769,-114.0611,81.16,56,49,13.58
183,Tuy Hoa,VN,2021-08-07 22:18:27,13.0833,109.3,82.67,70,100,8.32
184,Vila Franca Do Campo,PT,2021-08-07 22:18:28,37.7167,-25.4333,70.21,76,11,6.73
185,Svetlogorsk,BY,2021-08-07 22:18:28,52.6333,29.7333,55.38,95,1,5.64
186,Emirdag,TR,2021-08-07 22:18:28,39.0197,31.15,62.13,83,4,6.17
187,Bonthe,SL,2021-08-07 22:18:29,7.5264,-12.505,76.98,78,63,7.05
188,Port Alfred,ZA,2021-08-07 22:18:29,-33.5906,26.891,59.04,84,71,12.68
189,Sabha,LY,2021-08-07 22:18:29,27.0377,14.4283,90.81,9,0,0.87
190,Ayodhya,IN,2021-08-07 22:18:30,26.8,82.2,81.52,86,100,3.36
191,Roald,NO,2021-08-07 22:18:30,62.5833,6.1333,68.05,77,20,4.61
192,Hualmay,PE,2021-08-07 22:18:30,-11.0964,-77.6139,65.7,74,20,14.25
193,Dunkwa,GH,2021-08-07 22:18:31,5.9656,-1.78,72.1,96,77,3.8
194,Garoua Boulai,CM,2021-08-07 22:18:31,5.8833,14.55,61.97,97,82,3.8
195,Filingue,NE,2021-08-07 22:18:31,14.3521,3.3168,92.43,44,10,16.93
196,Chokurdakh,RU,2021-08-07 22:18:32,70.6333,147.9167,58.6,45,36,7.11
197,Meulaboh,ID,2021-08-07 22:18:32,4.1363,96.1285,75.99,87,96,4.92
198,Ekhabi,RU,2021-08-07 22:18:33,53.5102,142.9671,56.77,70,98,10.92
199,Asau,RO,2021-08-07 22:18:33,46.4333,26.4,60.96,89,1,2.73
200,Altagracia De Orituco,VE,2021-08-07 22:18:33,9.8601,-66.3814,76.75,88,73,2.37
201,Ixtapa,MX,2021-08-07 22:18:34,20.7,-105.2,87.03,70,75,13.8
202,Bouna,CI,2021-08-07 22:18:34,9.2667,-3.0,73.42,78,71,4.83
203,Itaituba,BR,2021-08-07 22:15:33,-4.2761,-55.9836,88.74,33,28,0.11
204,Leningradskiy,RU,2021-08-07 22:18:34,69.3833,178.4167,38.55,76,87,13.89
205,Curumani,CO,2021-08-07 22:18:35,9.1999,-73.5427,84.9,78,99,0.2
206,Cerritos,US,2021-08-07 22:18:35,33.8583,-118.0648,100.94,63,1,8.01
207,Coquimbo,CL,2021-08-07 22:18:01,-29.9533,-71.3436,56.93,67,75,11.5
208,Guayaramerin,BO,2021-08-07 22:18:36,-10.8368,-65.3614,86.31,33,5,0.34
209,Coihaique,CL,2021-08-07 22:18:36,-45.5752,-72.0662,42.75,61,75,3.44
210,Salalah,OM,2021-08-07 22:18:36,17.0151,54.0924,77.09,94,90,5.75
211,Longyearbyen,SJ,2021-08-07 22:18:37,78.2186,15.6401,43.36,97,98,7.27
212,Cam Ranh,VN,2021-08-07 22:18:37,11.9214,109.1591,82.36,78,20,1.14
213,Nuevo Progreso,MX,2021-08-07 22:18:37,23.1667,-97.95,96.6,48,26,10.0
214,Boca Do Acre,BR,2021-08-07 22:18:38,-8.7522,-67.3978,89.31,33,9,1.48
215,Kantang,TH,2021-08-07 22:18:38,7.4054,99.5156,78.06,88,54,3.44
216,Kruisfontein,ZA,2021-08-07 22:18:38,-34.0033,24.7314,55.4,53,100,4.74
217,Morgan City,US,2021-08-07 22:18:39,29.6994,-91.2068,95.04,70,1,8.05
218,Cheremkhovo,RU,2021-08-07 22:18:39,53.1561,103.0675,51.51,87,52,7.47
219,Malinyi,TZ,2021-08-07 22:18:39,-8.9333,36.1333,65.86,62,2,2.39
220,Carutapera,BR,2021-08-07 22:18:40,-1.195,-46.02,76.06,88,67,4.88
221,Sisimiut,GL,2021-08-07 22:18:40,66.9395,-53.6735,41.11,95,100,5.55
222,Pochutla,MX,2021-08-07 22:18:40,15.7432,-96.4661,85.05,72,100,5.68
223,Kulunda,RU,2021-08-07 22:18:41,52.566,78.9385,63.95,52,7,6.31
224,Martapura,ID,2021-08-07 22:18:41,-3.4167,114.85,77.09,100,90,2.3
225,Ormond Beach,US,2021-08-07 22:18:41,29.2858,-81.0559,86.14,71,75,4.61
226,Katsuura,JP,2021-08-07 22:18:42,35.1333,140.3,78.91,97,100,26.89
227,Okoneshnikovo,RU,2021-08-07 22:18:42,54.8377,75.0834,61.66,93,100,5.41
228,Pampa,US,2021-08-07 22:18:42,35.5362,-100.9599,99.57,33,1,14.97
229,Buala,SB,2021-08-07 22:18:43,-8.145,159.5921,79.75,78,100,2.39
230,Eenhana,NA,2021-08-07 22:18:43,-17.4667,16.3333,62.35,21,0,6.71
231,San Isidro,PE,2021-08-07 22:18:43,-12.1167,-77.05,62.19,86,90,1.99
232,Khuzhir,RU,2021-08-07 22:18:44,53.1939,107.3397,55.08,85,10,5.88
233,General Roca,AR,2021-08-07 22:18:44,-39.0333,-67.5833,54.0,25,98,8.72
234,Zhigansk,RU,2021-08-07 22:18:44,66.7697,123.3711,66.16,39,94,20.71
235,East London,ZA,2021-08-07 22:18:45,-33.0153,27.9116,59.5,79,54,11.3
236,Srednekolymsk,RU,2021-08-07 22:18:45,67.45,153.6833,53.04,56,3,3.96
237,Kungurtug,RU,2021-08-07 22:18:45,50.5994,97.5228,48.13,97,99,1.23
238,Komsomolskiy,UZ,2021-08-07 22:18:17,40.4272,71.7189,79.52,36,82,2.3
239,Grand Island,US,2021-08-07 22:17:40,40.925,-98.342,89.2,65,90,3.0
240,Mount Gambier,AU,2021-08-07 22:18:46,-37.8333,140.7667,42.35,84,54,4.79
241,San Quintin,MX,2021-08-07 22:18:46,30.4833,-115.95,73.6,66,5,10.67
242,Colares,PT,2021-08-07 22:18:46,38.7992,-9.4469,66.43,71,1,16.17
243,Van,TR,2021-08-07 22:18:47,38.4924,43.3831,67.35,52,40,8.05
244,Yaan,NG,2021-08-07 22:18:47,7.3833,8.5667,71.1,97,74,4.16
245,Puerto Escondido,MX,2021-08-07 22:18:47,15.85,-97.0667,86.83,66,90,10.36
246,Ust-Maya,RU,2021-08-07 22:18:48,60.4167,134.5333,58.01,49,2,8.7
247,Shingu,JP,2021-08-07 22:18:48,33.7333,135.9833,81.91,77,19,7.7
248,Monster,NL,2021-08-07 22:18:48,52.0258,4.175,60.98,93,75,5.99
249,Sao Filipe,CV,2021-08-07 22:18:49,14.8961,-24.4956,78.84,83,58,6.02
250,Nemuro,JP,2021-08-07 22:18:49,43.3236,145.575,66.78,98,64,13.42
251,San Rafael,AR,2021-08-07 22:18:49,-34.6177,-68.3301,56.14,36,1,12.28
252,Karatau,KZ,2021-08-07 22:18:50,43.1667,70.4667,79.9,26,31,4.68
253,Luau,AO,2021-08-07 22:18:50,-10.7073,22.2247,64.72,18,8,5.14
254,Haines Junction,CA,2021-08-07 22:18:50,60.7522,-137.5108,67.95,64,71,2.3
255,Lander,US,2021-08-07 22:18:51,42.833,-108.7307,84.11,24,1,7.67
256,Baykit,RU,2021-08-07 22:18:51,61.67,96.37,56.25,63,98,2.64
257,Balykshi,KZ,2021-08-07 22:18:51,47.0667,51.8667,75.2,33,0,4.47
258,Mabaruma,GY,2021-08-07 22:18:52,8.2,-59.7833,78.21,86,96,3.58
259,Port Lincoln,AU,2021-08-07 22:18:52,-34.7333,135.8667,50.56,77,0,10.0
260,Mehamn,NO,2021-08-07 22:18:52,71.0357,27.8492,62.51,64,79,9.42
261,Bengkulu,ID,2021-08-07 22:18:52,-3.8004,102.2655,75.69,90,10,3.78
262,Campina Verde,BR,2021-08-07 22:18:53,-19.5356,-49.4864,71.92,36,12,6.24
263,Imeni Poliny Osipenko,RU,2021-08-07 22:18:53,52.4201,136.4853,49.35,93,100,10.6
264,Manzhouli,CN,2021-08-07 22:18:53,49.6,117.4333,63.14,78,61,2.06
265,Inta,RU,2021-08-07 22:18:54,66.0317,60.1659,52.27,95,100,7.47
266,Sawang Daen Din,TH,2021-08-07 22:18:54,17.4753,103.4575,78.28,84,100,5.61
267,Saint-Pierre,RE,2021-08-07 22:18:54,-21.3393,55.4781,69.44,66,75,8.05
268,Kaabong,UG,2021-08-07 22:18:55,3.4836,34.1492,67.1,53,52,6.69
269,Sarkand,KZ,2021-08-07 22:18:55,45.41,79.9186,65.28,34,0,6.98
270,Necochea,AR,2021-08-07 22:18:55,-38.5473,-58.7368,48.04,72,40,10.56
271,Sibolga,ID,2021-08-07 22:18:56,1.7427,98.7792,76.33,89,98,3.04
272,Awjilah,LY,2021-08-07 22:18:56,29.1081,21.2869,87.8,34,0,14.94
273,Pacific Grove,US,2021-08-07 22:18:56,36.6177,-121.9166,93.02,77,20,7.0
274,Clyde River,CA,2021-08-07 22:18:57,70.4692,-68.5914,39.43,100,90,9.22
275,Hay River,CA,2021-08-07 22:15:11,60.8156,-115.7999,57.18,100,90,11.5
276,Rio Grande,BR,2021-08-07 22:18:57,-32.035,-52.0986,60.94,82,0,10.83
277,Iqaluit,CA,2021-08-07 22:18:58,63.7506,-68.5145,49.73,66,75,16.11
278,Kirovo-Chepetsk,RU,2021-08-07 22:18:58,58.5539,50.0399,52.47,77,66,3.38
279,Puerto Baquerizo Moreno,EC,2021-08-07 22:18:58,-0.9,-89.6,70.02,75,88,14.41
280,Kashi,CN,2021-08-07 22:18:59,39.4547,75.9797,78.01,27,75,8.95
281,Laguna,US,2021-08-07 22:18:00,38.421,-121.4238,101.25,30,1,5.75
282,Mishelevka,RU,2021-08-07 22:18:59,52.8575,103.1719,53.37,94,90,7.09
283,Shipunovo,RU,2021-08-07 22:18:59,52.1582,82.2173,61.12,64,17,2.3
284,Victoria,HK,2021-08-07 22:15:51,22.2855,114.1577,84.33,89,93,6.08
285,Ferkessedougou,CI,2021-08-07 22:19:00,9.6,-5.2,72.37,86,77,4.47
286,Sheregesh,RU,2021-08-07 22:19:00,52.9209,87.9869,52.27,92,20,2.59
287,Desaguadero,PE,2021-08-07 22:19:00,-16.5656,-69.0417,53.53,34,5,13.65
288,Fortuna,US,2021-08-07 22:19:01,40.5982,-124.1573,74.86,72,1,3.0
289,Khasan,RU,2021-08-07 22:19:01,42.4308,130.6434,70.57,87,0,5.99
290,Palora,EC,2021-08-07 22:19:01,-1.7,-77.9333,80.71,77,75,2.26
291,Angoche,MZ,2021-08-07 22:19:02,-16.2325,39.9086,72.19,76,0,7.38
292,Salo,IT,2021-08-07 22:19:02,45.6086,10.531,75.11,81,63,5.37
293,Alirajpur,IN,2021-08-07 22:19:02,22.3031,74.3546,76.71,87,100,8.48
294,Krutinka,RU,2021-08-07 22:19:03,56.0055,71.5113,58.3,95,100,6.02
295,Alofi,NU,2021-08-07 22:19:03,-19.0595,-169.9187,76.89,65,27,11.5
296,Tasiilaq,GL,2021-08-07 22:19:03,65.6145,-37.6368,44.76,93,100,8.1
297,Belmonte,BR,2021-08-07 22:19:04,-15.8631,-38.8828,72.1,75,54,9.82
298,Tashla,RU,2021-08-07 22:19:04,51.7716,52.7427,66.45,35,53,6.08
299,Jacareacanga,BR,2021-08-07 22:19:04,-6.2222,-57.7528,85.21,34,0,2.44
300,La Primavera,CO,2021-08-07 22:19:05,5.4906,-70.4092,83.39,71,39,5.84
301,Flinders,AU,2021-08-07 22:19:05,-34.5833,150.8552,54.21,87,66,3.0
302,Gornopravdinsk,RU,2021-08-07 22:19:05,60.05,69.9,62.62,93,93,4.68
303,Raga,SS,2021-08-07 22:19:06,8.4596,25.678,71.28,91,100,4.79
304,Las Varas,MX,2021-08-07 22:19:06,21.1667,-105.1667,87.39,81,96,5.86
305,Akyab,MM,2021-08-07 22:19:06,20.15,92.9,79.88,84,55,0.98
306,Poronaysk,RU,2021-08-07 22:19:07,49.2167,143.1167,54.23,84,100,10.74
307,Nassau,US,2021-08-07 22:14:30,40.7507,-73.5829,85.95,73,1,5.99
308,Luwingu,ZM,2021-08-07 22:19:07,-10.2621,29.9271,58.14,44,1,3.6
309,Rudnogorsk,RU,2021-08-07 22:19:07,57.2639,103.7519,49.15,88,13,0.31
310,Nhulunbuy,AU,2021-08-07 22:19:08,-12.2333,136.7667,74.01,60,7,8.05
311,Lagos,NG,2021-08-07 22:18:56,6.5833,3.75,77.32,95,100,5.61
312,Ponta Delgada,PT,2021-08-07 22:19:08,37.7333,-25.6667,70.52,68,75,6.91
313,Nuuk,GL,2021-08-07 22:15:52,64.1835,-51.7216,45.21,87,75,6.91
314,Berlevag,NO,2021-08-07 22:19:09,70.8578,29.0864,62.55,63,0,8.05
315,Arshan,RU,2021-08-07 22:19:09,46.2732,44.22,79.18,29,85,13.42
316,Bayaguana,DO,2021-08-07 22:19:09,18.7564,-69.6362,85.41,69,37,9.22
317,Kastamonu,TR,2021-08-07 22:19:10,41.5,33.6667,60.39,94,100,3.67
318,Makat,KZ,2021-08-07 22:19:10,47.6469,53.3463,81.39,30,0,13.0
319,Kumluca,TR,2021-08-07 22:19:11,36.3703,30.2869,82.85,55,0,5.21
320,Sorong,ID,2021-08-07 22:19:11,-0.8833,131.25,77.61,87,100,5.57
321,Nantucket,US,2021-08-07 22:16:45,41.2835,-70.0995,79.97,77,1,13.8
322,Whitehorse,CA,2021-08-07 22:19:11,60.7161,-135.0538,71.1,72,75,2.3
323,Yulara,AU,2021-08-07 22:19:12,-25.2406,130.9889,37.24,65,0,5.75
324,Thongwa,MM,2021-08-07 22:19:12,16.7619,96.5278,80.76,89,98,5.57
325,Marawi,PH,2021-08-07 22:19:12,7.9986,124.2928,67.64,90,100,4.03
326,Talaya,RU,2021-08-07 22:19:13,61.3833,152.75,49.21,91,100,3.42
327,Tura,IN,2021-08-07 22:19:13,25.5198,90.2201,74.25,98,100,4.97
328,Manyana,BW,2021-08-07 22:19:13,-23.4,21.7167,58.73,25,0,6.31
329,Amli,IN,2021-08-07 22:19:14,20.2833,73.0167,77.76,88,47,4.65
330,Ust-Ilimsk,RU,2021-08-07 22:19:14,58.0006,102.6619,52.3,62,26,1.16
331,Puerto Del Rosario,ES,2021-08-07 22:19:14,28.5004,-13.8627,73.15,78,11,14.97
332,Manaus,BR,2021-08-07 22:19:15,-3.1019,-60.025,86.5,74,0,1.14
333,Anderson,US,2021-08-07 22:19:15,34.5334,-82.6499,85.08,80,1,1.01
334,Norman Wells,CA,2021-08-07 22:19:15,65.282,-126.8329,51.84,58,75,8.05
335,Vinh,VN,2021-08-07 22:17:50,18.6667,105.6667,83.07,70,97,5.88
336,Pangnirtung,CA,2021-08-07 22:19:16,66.1451,-65.7125,42.87,81,98,3.83
337,Benguela,AO,2021-08-07 22:19:16,-12.5763,13.4055,72.05,83,67,0.67
338,Krutikha,RU,2021-08-07 22:19:16,53.9599,81.2093,59.83,90,21,1.99
339,Lobito,AO,2021-08-07 22:19:17,-12.3481,13.5456,71.28,85,36,3.65
340,Kahului,US,2021-08-07 22:19:17,20.8947,-156.47,86.02,60,20,24.16
341,Cidreira,BR,2021-08-07 22:19:17,-30.1811,-50.2056,61.23,90,2,11.61
342,Te Anau,NZ,2021-08-07 22:19:18,-45.4167,167.7167,36.07,92,100,4.16
343,Xiongzhou,CN,2021-08-07 22:19:18,25.1167,114.3,77.83,92,55,1.3
344,Rawson,AR,2021-08-07 22:19:18,-43.3002,-65.1023,52.43,37,3,22.26
345,Cockburn Town,TC,2021-08-07 22:19:19,21.4612,-71.1419,85.96,66,40,11.5
346,Padang,ID,2021-08-07 22:19:19,-0.9492,100.3543,77.29,88,48,3.33
347,Antofagasta,CL,2021-08-07 22:17:30,-23.65,-70.4,58.28,81,28,6.96
348,Nevers,FR,2021-08-07 22:19:19,46.9167,3.3333,55.99,71,45,8.21
349,Sola,VU,2021-08-07 22:19:20,-13.8833,167.55,78.49,78,86,20.71
350,Fomboni,KM,2021-08-07 22:19:20,-12.28,43.7425,76.37,64,0,4.36
351,Klaksvik,FO,2021-08-07 22:19:20,62.2266,-6.589,59.92,89,95,18.39
352,Alugan,PH,2021-08-07 22:19:21,12.2188,125.4808,78.89,84,99,4.9
353,Wasilla,US,2021-08-07 22:19:21,61.5814,-149.4394,66.65,78,90,0.0
354,Polyarnyy,RU,2021-08-07 22:19:21,69.1989,33.4478,48.67,63,8,8.79
355,Panaba,MX,2021-08-07 22:19:22,21.2833,-88.2667,90.34,51,74,16.15
356,Torbay,CA,2021-08-07 22:19:22,47.6666,-52.7314,71.67,82,75,17.27
357,Rapar,IN,2021-08-07 22:19:23,23.5667,70.6333,82.99,67,26,13.2
358,Mackay,AU,2021-08-07 22:19:23,-21.15,149.2,65.05,80,3,11.32
359,Quatre Cocos,MU,2021-08-07 22:19:23,-20.2078,57.7625,68.11,81,54,11.43
360,Andippatti,IN,2021-08-07 22:19:23,9.9833,77.6333,75.33,82,100,4.25
361,Beringovskiy,RU,2021-08-07 22:19:24,63.05,179.3167,43.27,88,100,24.43
362,Ayan,RU,2021-08-07 22:19:24,56.45,138.1667,54.88,63,4,2.01
363,Bani Walid,LY,2021-08-07 22:19:25,31.7566,13.9942,79.29,63,0,5.66
364,Hargeysa,SO,2021-08-07 22:19:25,9.56,44.065,74.44,51,91,17.47
365,Lima,PE,2021-08-07 22:18:36,-12.0432,-77.0282,61.05,77,90,14.97
366,Uporovo,RU,2021-08-07 22:19:25,56.3109,66.2693,54.95,89,92,7.52
367,Sarangani,PH,2021-08-07 22:19:26,5.4033,125.4636,79.25,82,100,11.27
368,Tiarei,PF,2021-08-07 22:19:26,-17.5333,-149.3333,84.22,75,56,8.7
369,Dalmatovo,RU,2021-08-07 22:19:26,56.26,62.9362,53.01,81,23,8.81
370,Rosarito,MX,2021-08-07 22:19:27,32.3333,-117.0333,85.08,65,9,7.23
371,Yeniseysk,RU,2021-08-07 22:19:27,58.4497,92.1703,57.25,86,44,0.85
372,Lincoln,US,2021-08-07 22:15:08,40.8,-96.667,93.58,55,1,13.8
373,Muroto,JP,2021-08-07 22:19:28,33.2833,134.15,82.44,81,68,9.26
374,Inhambane,MZ,2021-08-07 22:19:28,-23.865,35.3833,66.27,87,0,4.83
375,Cedral,MX,2021-08-07 22:19:28,23.8,-100.7333,82.45,27,35,14.2
376,Balabac,PH,2021-08-07 22:19:28,7.9868,117.0645,82.24,76,100,4.83
377,Karwar,IN,2021-08-07 22:19:29,14.8,74.1333,77.32,86,94,4.54
378,Truro,GB,2021-08-07 22:19:29,50.2653,-5.0544,60.08,82,75,18.41
379,Cayenne,GF,2021-08-07 22:19:29,4.9333,-52.3333,83.08,83,0,0.0
380,Rawah,IQ,2021-08-07 22:19:30,34.4816,41.9093,92.73,21,4,7.65
381,Rio Gallegos,AR,2021-08-07 22:19:30,-51.6226,-69.2181,35.65,75,0,24.16
382,Tomatlan,MX,2021-08-07 22:19:31,19.9333,-105.25,82.71,82,89,4.54
383,Clovis,US,2021-08-07 22:19:31,36.8252,-119.7029,106.36,19,90,6.91
384,Birobidzhan,RU,2021-08-07 22:19:31,48.8,132.95,56.07,94,100,11.05
385,Taganak,PH,2021-08-07 22:19:32,6.0833,118.3,77.14,79,94,8.59
386,Smithers,CA,2021-08-07 22:19:32,54.7804,-127.1743,62.92,55,90,13.8
387,Hirara,JP,2021-08-07 22:19:32,24.8,125.2833,82.67,94,75,21.85
388,Kununurra,AU,2021-08-07 22:19:33,-15.7667,128.7333,49.98,71,13,4.61
389,Kinlochleven,GB,2021-08-07 22:19:33,56.7115,-4.9661,59.18,97,100,3.29
390,Taoudenni,ML,2021-08-07 22:19:33,22.6783,-3.9836,104.34,10,1,9.69
391,Hearst,CA,2021-08-07 22:19:34,49.6835,-83.6665,66.45,37,3,6.15
392,Severnyy,RU,2021-08-07 22:19:34,50.677,36.5532,68.04,88,0,2.24
393,Kodinsk,RU,2021-08-07 22:19:34,58.6881,99.1844,57.52,66,77,2.3
394,Vao,NC,2021-08-07 22:19:35,-22.6667,167.4833,67.55,64,99,6.89
395,Dorado,PR,2021-08-07 22:16:59,18.4588,-66.2677,86.76,78,40,12.66
396,Baiyin,CN,2021-08-07 22:19:35,36.5583,104.2081,67.08,43,98,19.84
397,Henties Bay,NA,2021-08-07 22:19:35,-22.116,14.2845,53.85,79,3,3.33
398,Tonantins,BR,2021-08-07 22:19:36,-2.8731,-67.8022,78.33,77,63,2.71
399,Aquiraz,BR,2021-08-07 22:19:14,-3.9014,-38.3911,80.69,80,53,14.36
400,Murmino,RU,2021-08-07 22:19:36,54.6036,40.0544,65.84,65,99,7.72
401,Skjervoy,NO,2021-08-07 22:19:36,70.0311,20.9714,55.96,76,65,6.46
402,San Cristobal,VE,2021-08-07 22:19:37,7.7669,-72.225,82.58,69,78,4.41
403,Aguimes,ES,2021-08-07 22:19:37,27.9054,-15.4461,70.43,78,20,19.57
404,Huilong,CN,2021-08-07 22:19:37,31.8111,121.655,79.99,81,22,11.21
405,Yavaros,MX,2021-08-07 22:19:38,26.7,-109.5167,93.45,55,46,8.63
406,Moron,AR,2021-08-07 22:19:38,-34.6534,-58.6198,72.0,75,7,4.59
407,Broken Hill,AU,2021-08-07 22:19:38,-31.95,141.4333,45.5,72,0,7.05
408,Shaunavon,CA,2021-08-07 22:19:39,49.6501,-108.4181,83.98,20,90,18.23
409,Margate,GB,2021-08-07 22:19:39,51.3813,1.3862,62.31,84,79,4.0
410,Cooma,AU,2021-08-07 22:19:39,-36.2333,149.1333,38.07,85,69,0.98
411,Saint-Augustin,CA,2021-08-07 22:19:40,51.226,-58.6502,65.73,92,100,1.68
412,Santa Cruz Do Rio Pardo,BR,2021-08-07 22:19:40,-22.8989,-49.6325,68.31,51,78,6.78
413,Jaguarari,BR,2021-08-07 22:19:40,-10.2639,-40.1958,67.77,71,63,11.88
414,Adrar,MR,2021-08-07 22:19:41,20.5022,-10.0711,95.27,23,20,12.44
415,Swellendam,ZA,2021-08-07 22:19:41,-34.0226,20.4417,50.38,76,97,1.68
416,Sonneberg,DE,2021-08-07 22:19:41,50.35,11.1667,60.51,97,100,9.6
417,Vicosa,BR,2021-08-07 22:19:42,-20.7539,-42.8819,62.4,66,100,7.29
418,Lebedinyy,RU,2021-08-07 22:19:42,58.5167,125.5167,60.42,75,51,8.99
419,La Ferte-Bernard,FR,2021-08-07 22:19:43,48.1863,0.6536,58.62,92,89,11.7
420,Sao Joao Da Barra,BR,2021-08-07 22:19:43,-21.6403,-41.0511,68.31,76,89,12.91
421,Bereda,ES,2021-08-07 22:19:43,43.2686,-7.5406,56.95,97,7,1.5
422,Kingaroy,AU,2021-08-07 22:19:44,-26.5333,151.8333,44.04,56,0,3.53
423,Touros,BR,2021-08-07 22:19:44,-5.1989,-35.4608,77.9,77,73,17.87
424,Antalaha,MG,2021-08-07 22:19:44,-14.9003,50.2788,65.35,91,30,6.24
425,Santa Cruz,BO,2021-08-07 22:15:04,-17.8,-63.1667,85.44,26,26,14.94
426,San Andres,CO,2021-08-07 22:19:45,12.5847,-81.7006,84.22,79,90,11.5
427,Mitsamiouli,KM,2021-08-07 22:19:45,-11.3847,43.2844,76.93,66,90,4.36
428,Vila Velha,BR,2021-08-07 22:19:45,-20.3297,-40.2925,66.15,94,90,6.91
429,Shitanjing,CN,2021-08-07 22:19:46,39.2342,106.3439,71.67,35,100,8.1
430,Moose Factory,CA,2021-08-07 22:19:46,51.2585,-80.6094,60.8,55,1,12.66
431,Makakilo City,US,2021-08-07 22:19:47,21.3469,-158.0858,84.61,55,75,11.5
432,Rock Springs,US,2021-08-07 22:17:25,41.5875,-109.2029,80.24,26,1,4.0
433,Miranda,CO,2021-08-07 22:19:47,3.2499,-76.2281,78.93,71,24,3.94
434,Vilhena,BR,2021-08-07 22:19:47,-12.7406,-60.1458,82.62,36,0,5.75
435,Bor,RU,2021-08-07 22:19:48,56.3567,44.0669,64.33,80,51,5.64
436,Morros,BR,2021-08-07 22:19:48,-9.4467,-46.3003,78.26,35,9,5.91
437,Namanga,KE,2021-08-07 22:19:49,-2.5433,36.7905,60.46,77,74,4.83
438,Maceio,BR,2021-08-07 22:19:49,-9.6658,-35.7353,72.84,83,75,11.5
439,Coolum Beach,AU,2021-08-07 22:19:49,-26.5333,153.1,56.1,67,0,6.04
440,La Seyne-Sur-Mer,FR,2021-08-07 22:19:50,43.0982,5.8847,76.05,74,100,1.99
441,Saint-Louis,SN,2021-08-07 22:19:50,16.3333,-15.0,85.15,60,41,17.58
442,Taltal,CL,2021-08-07 22:19:50,-25.4,-70.4833,55.67,79,34,5.32
443,Plettenberg Bay,ZA,2021-08-07 22:19:51,-34.0527,23.3716,58.86,54,98,3.67
444,Riyadh,SA,2021-08-07 22:18:58,24.6877,46.7219,91.54,14,38,7.92
445,Hongjiang,CN,2021-08-07 22:19:51,27.11,109.9956,79.14,86,93,1.57
446,Powell,US,2021-08-07 22:16:37,40.1578,-83.0752,77.76,94,90,10.36
447,Port-Gentil,GA,2021-08-07 22:19:52,-0.7193,8.7815,75.36,86,100,15.88
448,Okha,RU,2021-08-07 22:19:52,53.5739,142.9478,56.91,70,93,11.12
449,Ucluelet,CA,2021-08-07 22:17:19,48.9329,-125.5528,62.91,84,93,9.66
450,Davila,PH,2021-08-07 22:19:52,18.4726,120.5763,81.86,85,100,21.9
451,Moissala,TD,2021-08-07 22:19:53,8.3404,17.7663,69.49,97,74,6.13
452,Haimen,CN,2021-08-07 22:19:53,23.1935,116.6142,82.29,93,100,8.03
453,Maryville,US,2021-08-07 22:16:25,35.7565,-83.9705,84.15,71,75,6.91
454,Boddam,GB,2021-08-07 22:19:54,57.4667,-1.7833,59.38,91,2,12.77
455,Kaeo,NZ,2021-08-07 22:19:54,-35.1,173.7833,59.32,87,98,11.45
456,Honningsvag,NO,2021-08-07 22:19:54,70.9821,25.9704,54.43,80,93,0.94
457,Aranos,NA,2021-08-07 22:19:55,-24.1333,19.1167,61.5,18,1,12.01
458,Mantua,IT,2021-08-07 22:19:55,45.1667,10.7833,76.08,79,63,3.0
459,Irbit,RU,2021-08-07 22:19:55,57.6705,63.071,56.37,80,80,9.64
460,Nouadhibou,MR,2021-08-07 22:19:55,20.931,-17.0347,69.78,88,0,8.05
461,Dhadar,IN,2021-08-07 22:19:56,28.3305,75.0632,86.99,63,98,6.71
462,Changji,CN,2021-08-07 22:19:56,44.0167,87.3167,75.99,38,0,6.71
463,Dharchula,IN,2021-08-07 22:19:56,29.85,80.5333,72.54,91,95,1.95
464,Meiganga,CM,2021-08-07 22:19:57,6.5167,14.3,64.62,98,100,4.38
465,Harnosand,SE,2021-08-07 22:19:57,62.6323,17.9379,64.42,91,100,20.18
466,Dzhebariki-Khaya,RU,2021-08-07 22:19:57,62.2167,135.8,64.54,49,6,3.27
467,Seoul,KR,2021-08-07 22:15:13,37.5683,126.9778,76.51,88,0,4.61
468,Itoman,JP,2021-08-07 22:19:58,26.1247,127.6694,80.98,96,75,25.32
469,Gort,IE,2021-08-07 22:19:58,53.0664,-8.8167,58.75,92,99,15.64
470,Dali,CN,2021-08-07 22:19:59,25.7,100.1833,64.96,94,100,4.32
471,Allende,MX,2021-08-07 22:19:59,25.2833,-100.0167,95.76,33,3,8.34
472,Leshukonskoye,RU,2021-08-07 22:19:59,64.8989,45.7622,48.76,88,1,3.38
473,Anyksciai,LT,2021-08-07 22:19:59,55.5256,25.1026,56.23,97,80,7.31
474,Goba,ET,2021-08-07 22:20:00,7.0167,39.9833,51.75,87,93,3.47
475,Kalakamati,BW,2021-08-07 22:20:00,-20.5929,27.3121,59.67,33,0,11.77
476,Caluquembe,AO,2021-08-07 22:20:01,-13.7833,14.6833,58.87,27,1,2.66
477,Havre-Saint-Pierre,CA,2021-08-07 22:20:01,50.2334,-63.5986,62.96,88,90,10.36
478,Kawalu,ID,2021-08-07 22:20:01,-7.3817,108.2082,71.58,98,46,1.59
479,Half Moon Bay,US,2021-08-07 22:20:02,37.4636,-122.4286,96.58,62,1,1.01
480,Weatherford,US,2021-08-07 22:19:04,32.7593,-97.7972,95.56,53,71,3.0
481,Avera,US,2021-08-07 22:20:03,33.194,-82.5271,89.74,49,78,0.51
482,Luderitz,NA,2021-08-07 22:20:04,-26.6481,15.1594,58.23,60,24,2.28
483,Marsh Harbour,BS,2021-08-07 22:20:04,26.5412,-77.0636,84.11,71,6,7.27
484,Gayny,RU,2021-08-07 22:20:04,60.3071,54.3241,45.36,95,9,4.72
485,Murgab,TM,2021-08-07 22:20:05,37.4966,61.9714,80.47,36,0,9.22
486,Vanavara,RU,2021-08-07 22:20:05,60.34,102.2797,50.94,69,20,3.36
487,Namibe,AO,2021-08-07 22:20:05,-15.1961,12.1522,69.85,80,92,2.19
488,Palana,RU,2021-08-07 22:20:06,59.1167,159.9667,49.5,85,82,14.25
489,Wuda,CN,2021-08-07 22:20:06,39.4994,106.7117,77.94,30,100,7.81
490,Pandan,PH,2021-08-07 22:20:06,14.0453,124.1694,81.1,84,100,7.29
491,Umm Kaddadah,SD,2021-08-07 22:20:07,13.6017,26.6876,81.21,52,79,11.95
492,Marathon,US,2021-08-07 22:20:07,44.9,-89.7668,67.95,91,90,9.22
493,Rongcheng,CN,2021-08-07 22:20:07,30.634,117.8517,75.0,94,0,3.8
494,Mackenzie,CA,2021-08-07 22:20:07,55.2999,-123.1698,55.62,88,90,3.44
495,Hojai,IN,2021-08-07 22:20:08,26.0,92.8667,78.46,89,98,5.08
496,Innisfail,AU,2021-08-07 22:20:08,-17.5333,146.0333,68.43,86,85,7.34
497,Bulle,CH,2021-08-07 22:20:09,46.6195,7.0567,57.78,91,97,5.99
498,Bud,US,2021-08-07 22:20:09,39.447,-86.1758,87.93,64,17,4.23
499,Mocuba,MZ,2021-08-07 22:20:09,-16.8392,36.9856,62.87,94,0,2.13
500,Poum,NC,2021-08-07 22:20:09,-20.2333,164.0167,70.11,68,99,7.78
501,Grants,US,2021-08-07 22:20:10,35.1473,-107.8514,86.23,17,40,14.97
502,Lowestoft,GB,2021-08-07 22:20:10,52.4752,1.7516,62.17,89,79,14.29
503,Najran,SA,2021-08-07 22:20:11,17.4924,44.1277,84.85,39,81,7.7
504,Krasnyye Tkachi,RU,2021-08-07 22:20:11,57.4926,39.7563,66.02,92,99,12.37
505,Murgud,IN,2021-08-07 22:20:11,16.4,74.2,69.87,97,35,4.92
506,Port Keats,AU,2021-08-07 22:20:11,-14.25,129.55,60.28,34,19,6.29
507,Santa Cruz De La Palma,ES,2021-08-07 22:20:12,28.6835,-17.7642,73.54,83,0,11.5
508,Stephenville Crossing,CA,2021-08-07 22:20:12,48.5,-58.4318,68.13,83,75,16.11
509,Mahibadhoo,MV,2021-08-07 22:20:12,3.7833,72.9667,81.86,78,100,13.69
510,Mahendranagar,NP,2021-08-07 22:20:13,28.9167,80.3333,79.68,85,92,3.85
511,Bilma,NE,2021-08-07 22:20:13,18.6853,12.9164,96.13,25,94,11.43
512,Ulladulla,AU,2021-08-07 22:20:13,-35.35,150.4667,51.87,79,89,6.53
513,Kutum,SD,2021-08-07 22:20:14,14.2,24.6667,75.09,63,89,9.82
514,Severo-Yeniseyskiy,RU,2021-08-07 22:20:14,60.3725,93.0408,55.24,71,88,2.53
515,Aripuana,BR,2021-08-07 22:20:14,-9.1667,-60.6333,83.32,33,4,1.14
516,Hobyo,SO,2021-08-07 22:20:15,5.3505,48.5268,76.17,83,99,25.39
517,Whithorn,JM,2021-08-07 22:20:15,18.2604,-78.0378,83.46,71,73,0.58
518,Zhezkazgan,KZ,2021-08-07 22:20:15,47.8043,67.7144,70.48,55,61,5.95
519,Champerico,GT,2021-08-07 22:20:16,14.3,-91.9167,90.14,68,96,6.31
520,Fairbanks,US,2021-08-07 22:20:16,64.8378,-147.7164,58.01,90,75,4.61
521,Atambua,ID,2021-08-07 22:20:16,-9.1061,124.8925,65.39,83,50,5.93
522,Imbituba,BR,2021-08-07 22:20:17,-28.24,-48.6703,66.09,92,99,11.54
523,Loikaw,MM,2021-08-07 22:20:17,19.6742,97.2094,67.33,97,81,1.9
524,South Charleston,US,2021-08-07 22:20:18,38.3684,-81.6996,87.91,54,75,9.22
525,Port Augusta,AU,2021-08-07 22:20:18,-32.5,137.7667,46.71,74,0,4.09
526,Deputatskiy,RU,2021-08-07 22:20:18,69.3,139.9,54.03,64,84,4.18
527,Marquette,US,2021-08-07 22:20:18,46.5333,-87.6335,64.81,79,100,6.08
528,Muli,MV,2021-08-07 22:20:19,2.9167,73.5667,80.69,77,100,5.99
529,Hailar,CN,2021-08-07 22:20:19,49.2,119.7,63.3,86,29,8.25
530,Bella Vista,US,2021-08-07 22:18:03,36.4295,-94.2316,91.49,54,20,1.01
531,Trastenik,BG,2021-08-07 22:20:20,43.52,24.4685,66.04,68,1,4.61
532,Orapa,BW,2021-08-07 22:20:20,-21.2833,25.3667,61.99,26,0,9.24
533,Banda Aceh,ID,2021-08-07 22:20:20,5.5577,95.3222,79.25,84,89,6.93
534,Wewak,PG,2021-08-07 22:20:21,-3.5534,143.6268,77.81,88,97,4.79
535,Nanortalik,GL,2021-08-07 22:20:21,60.1432,-45.2371,46.54,93,100,17.81
536,Christchurch,NZ,2021-08-07 22:16:18,-43.5333,172.6333,41.92,87,90,4.61
537,Hinton,CA,2021-08-07 22:20:22,53.4001,-117.5857,67.1,30,78,12.71
538,Marapanim,BR,2021-08-07 22:20:22,-0.7175,-47.6997,75.22,92,54,5.59
539,Lubango,AO,2021-08-07 22:20:22,-14.9172,13.4925,58.87,42,2,3.87
540,Natal,BR,2021-08-07 22:19:20,-5.795,-35.2094,77.65,78,20,14.97
541,Varkaus,FI,2021-08-07 22:20:23,62.3153,27.873,59.31,95,100,13.98
542,Lodwar,KE,2021-08-07 22:20:23,3.1191,35.5973,83.93,38,34,15.08
543,Atherton,GB,2021-08-07 22:20:23,53.5237,-2.4935,60.71,96,100,5.01
544,Mayor Pablo Lagerenza,PY,2021-08-07 22:20:24,-19.9309,-60.7718,88.65,22,0,7.94
